{
  "timestamp": "2025-12-08_213735",
  "datasets_analyzed": 6,
  "total_runtime_seconds": 0.011726856231689453,
  "summary_metrics": {
    "mean_lens_agreement": 0.0,
    "mean_mrf": 0.0,
    "structure_detection_rate": 0.0,
    "high_confidence_rate": 0.0
  },
  "results": {
    "anomalies": {
      "name": "anomalies",
      "description": "Random spikes and outliers embedded in normal behavior",
      "n_indicators": 0,
      "n_observations": 0,
      "date_range": [
        "",
        ""
      ],
      "lens_rankings": {},
      "lens_metrics": {},
      "mrf_score": 0.0,
      "lens_agreement": 0.0,
      "pca_explained_variance": [],
      "top_indicators": [],
      "structure_detected": false,
      "interpretation": "",
      "confidence": "low",
      "runtime_seconds": 0.004236698150634766,
      "success": false,
      "error_message": "No data found for benchmark group: anomalies"
    },
    "clear_leader": {
      "name": "clear_leader",
      "description": "One dominant indicator with subordinate followers",
      "n_indicators": 0,
      "n_observations": 0,
      "date_range": [
        "",
        ""
      ],
      "lens_rankings": {},
      "lens_metrics": {},
      "mrf_score": 0.0,
      "lens_agreement": 0.0,
      "pca_explained_variance": [],
      "top_indicators": [],
      "structure_detected": false,
      "interpretation": "",
      "confidence": "low",
      "runtime_seconds": 0.0007081031799316406,
      "success": false,
      "error_message": "No data found for benchmark group: clear_leader"
    },
    "clusters": {
      "name": "clusters",
      "description": "Three correlated clusters of indicators",
      "n_indicators": 0,
      "n_observations": 0,
      "date_range": [
        "",
        ""
      ],
      "lens_rankings": {},
      "lens_metrics": {},
      "mrf_score": 0.0,
      "lens_agreement": 0.0,
      "pca_explained_variance": [],
      "top_indicators": [],
      "structure_detected": false,
      "interpretation": "",
      "confidence": "low",
      "runtime_seconds": 0.0005059242248535156,
      "success": false,
      "error_message": "No data found for benchmark group: clusters"
    },
    "periodic": {
      "name": "periodic",
      "description": "Sinusoidal signals with harmonics",
      "n_indicators": 0,
      "n_observations": 0,
      "date_range": [
        "",
        ""
      ],
      "lens_rankings": {},
      "lens_metrics": {},
      "mrf_score": 0.0,
      "lens_agreement": 0.0,
      "pca_explained_variance": [],
      "top_indicators": [],
      "structure_detected": false,
      "interpretation": "",
      "confidence": "low",
      "runtime_seconds": 0.000985860824584961,
      "success": false,
      "error_message": "No data found for benchmark group: periodic"
    },
    "pure_noise": {
      "name": "pure_noise",
      "description": "Pure white noise with no structure (null baseline)",
      "n_indicators": 0,
      "n_observations": 0,
      "date_range": [
        "",
        ""
      ],
      "lens_rankings": {},
      "lens_metrics": {},
      "mrf_score": 0.0,
      "lens_agreement": 0.0,
      "pca_explained_variance": [],
      "top_indicators": [],
      "structure_detected": false,
      "interpretation": "",
      "confidence": "low",
      "runtime_seconds": 0.0004749298095703125,
      "success": false,
      "error_message": "No data found for benchmark group: pure_noise"
    },
    "two_regimes": {
      "name": "two_regimes",
      "description": "Two distinct market regimes with different correlation structures",
      "n_indicators": 0,
      "n_observations": 0,
      "date_range": [
        "",
        ""
      ],
      "lens_rankings": {},
      "lens_metrics": {},
      "mrf_score": 0.0,
      "lens_agreement": 0.0,
      "pca_explained_variance": [],
      "top_indicators": [],
      "structure_detected": false,
      "interpretation": "",
      "confidence": "low",
      "runtime_seconds": 0.0008890628814697266,
      "success": false,
      "error_message": "No data found for benchmark group: two_regimes"
    }
  }
}