{
  "timestamp": "2025-12-08_220943",
  "datasets_analyzed": 6,
  "total_runtime_seconds": 3.956139087677002,
  "summary_metrics": {
    "mean_lens_agreement": 0.11857142857142859,
    "mean_mrf": 1.3806643301104762,
    "structure_detection_rate": 1.0,
    "high_confidence_rate": 0.0
  },
  "results": {
    "anomalies": {
      "name": "anomalies",
      "description": "Random spikes and outliers embedded in normal behavior",
      "n_indicators": 5,
      "n_observations": 1000,
      "date_range": [
        "2020-01-01",
        "2022-09-26"
      ],
      "lens_rankings": {
        "magnitude": [
          {
            "indicator": "anomalies_E",
            "score": 0.20000000000000007,
            "rank": 1
          },
          {
            "indicator": "anomalies_C",
            "score": 0.20000000000000004,
            "rank": 2
          },
          {
            "indicator": "anomalies_A",
            "score": 0.2,
            "rank": 3
          },
          {
            "indicator": "anomalies_B",
            "score": 0.19999999999999998,
            "rank": 4
          },
          {
            "indicator": "anomalies_D",
            "score": 0.19999999999999998,
            "rank": 5
          }
        ],
        "pca": [
          {
            "indicator": "anomalies_E",
            "score": 0.19816452506601018,
            "rank": 1
          },
          {
            "indicator": "anomalies_B",
            "score": 0.18859311266578646,
            "rank": 2
          },
          {
            "indicator": "anomalies_C",
            "score": 0.12548730365680727,
            "rank": 3
          },
          {
            "indicator": "anomalies_A",
            "score": 0.1099983376612762,
            "rank": 4
          },
          {
            "indicator": "anomalies_D",
            "score": 0.1029546387477996,
            "rank": 5
          }
        ],
        "influence": [
          {
            "indicator": "anomalies_E",
            "score": 1.0,
            "rank": 1
          },
          {
            "indicator": "anomalies_B",
            "score": 0.5523308363461232,
            "rank": 2
          },
          {
            "indicator": "anomalies_C",
            "score": 0.23793635316682998,
            "rank": 3
          },
          {
            "indicator": "anomalies_D",
            "score": 0.16995735017932256,
            "rank": 4
          },
          {
            "indicator": "anomalies_A",
            "score": 0.1291254489735803,
            "rank": 5
          }
        ],
        "clustering": [
          {
            "indicator": "anomalies_C",
            "score": 1.0,
            "rank": 1
          },
          {
            "indicator": "anomalies_E",
            "score": 0.9999872902279243,
            "rank": 2
          },
          {
            "indicator": "anomalies_A",
            "score": 0.6666666666666666,
            "rank": 3
          },
          {
            "indicator": "anomalies_B",
            "score": 0.6666666666666666,
            "rank": 4
          },
          {
            "indicator": "anomalies_D",
            "score": 0.6666666666666666,
            "rank": 5
          }
        ],
        "network": [
          {
            "indicator": "anomalies_A",
            "score": 0.0,
            "rank": 1
          },
          {
            "indicator": "anomalies_B",
            "score": 0.0,
            "rank": 2
          },
          {
            "indicator": "anomalies_C",
            "score": 0.0,
            "rank": 3
          },
          {
            "indicator": "anomalies_D",
            "score": 0.0,
            "rank": 4
          },
          {
            "indicator": "anomalies_E",
            "score": 0.0,
            "rank": 5
          }
        ],
        "anomaly": [
          {
            "indicator": "anomalies_C",
            "score": 1.0,
            "rank": 1
          },
          {
            "indicator": "anomalies_E",
            "score": 0.8990163160289736,
            "rank": 2
          },
          {
            "indicator": "anomalies_B",
            "score": 0.8078735784481221,
            "rank": 3
          },
          {
            "indicator": "anomalies_A",
            "score": 0.7106710947728038,
            "rank": 4
          },
          {
            "indicator": "anomalies_D",
            "score": 0.33173237646998166,
            "rank": 5
          }
        ]
      },
      "lens_metrics": {},
      "mrf_score": 0.985578429560055,
      "lens_agreement": 0.30666666666666664,
      "pca_explained_variance": [
        0.35248997324045195,
        0.20177867813961634,
        0.17092926641761105,
        0.15121271869244696,
        0.12358936350987362
      ],
      "top_indicators": [
        "anomalies_E",
        "anomalies_C",
        "anomalies_B",
        "anomalies_A",
        "anomalies_D"
      ],
      "structure_detected": true,
      "interpretation": "Structure detected in anomalies dataset. First principal component explains 35.2% of variance. Top-ranked indicators: anomalies_E, anomalies_C, anomalies_B Expected: Anomaly lens should flag outlier points; magnitude lens spikes",
      "confidence": "medium",
      "runtime_seconds": 0.5634129047393799,
      "success": true,
      "error_message": null
    },
    "clear_leader": {
      "name": "clear_leader",
      "description": "One dominant indicator with subordinate followers",
      "n_indicators": 6,
      "n_observations": 1000,
      "date_range": [
        "2020-01-01",
        "2022-09-26"
      ],
      "lens_rankings": {
        "magnitude": [
          {
            "indicator": "clear_leader_E",
            "score": 0.1666666666666667,
            "rank": 1
          },
          {
            "indicator": "clear_leader_A",
            "score": 0.16666666666666669,
            "rank": 2
          },
          {
            "indicator": "clear_leader_D",
            "score": 0.16666666666666669,
            "rank": 3
          },
          {
            "indicator": "clear_leader_C",
            "score": 0.16666666666666666,
            "rank": 4
          },
          {
            "indicator": "clear_leader_B",
            "score": 0.16666666666666663,
            "rank": 5
          },
          {
            "indicator": "clear_leader_F",
            "score": 0.16666666666666663,
            "rank": 6
          }
        ],
        "pca": [
          {
            "indicator": "clear_leader_F",
            "score": 0.14682878683462142,
            "rank": 1
          },
          {
            "indicator": "clear_leader_E",
            "score": 0.14149882200299374,
            "rank": 2
          },
          {
            "indicator": "clear_leader_D",
            "score": 0.13704423258381127,
            "rank": 3
          },
          {
            "indicator": "clear_leader_B",
            "score": 0.13345283733950547,
            "rank": 4
          },
          {
            "indicator": "clear_leader_A",
            "score": 0.11721988382542832,
            "rank": 5
          },
          {
            "indicator": "clear_leader_C",
            "score": 0.0646158078296368,
            "rank": 6
          }
        ],
        "influence": [
          {
            "indicator": "clear_leader_D",
            "score": 1.0,
            "rank": 1
          },
          {
            "indicator": "clear_leader_C",
            "score": 0.22960286647723366,
            "rank": 2
          },
          {
            "indicator": "clear_leader_A",
            "score": 0.2022081537369333,
            "rank": 3
          },
          {
            "indicator": "clear_leader_F",
            "score": 0.19243689277547799,
            "rank": 4
          },
          {
            "indicator": "clear_leader_E",
            "score": 0.16849403541847313,
            "rank": 5
          },
          {
            "indicator": "clear_leader_B",
            "score": 0.1549378596765262,
            "rank": 6
          }
        ],
        "clustering": [
          {
            "indicator": "clear_leader_E",
            "score": 1.0,
            "rank": 1
          },
          {
            "indicator": "clear_leader_F",
            "score": 0.6666666666666666,
            "rank": 2
          },
          {
            "indicator": "clear_leader_A",
            "score": 0.4412933455029864,
            "rank": 3
          },
          {
            "indicator": "clear_leader_B",
            "score": 0.29419556366865757,
            "rank": 4
          },
          {
            "indicator": "clear_leader_C",
            "score": 0.29419556366865757,
            "rank": 5
          },
          {
            "indicator": "clear_leader_D",
            "score": 0.29419556366865757,
            "rank": 6
          }
        ],
        "network": [
          {
            "indicator": "clear_leader_F",
            "score": 1.0,
            "rank": 1
          },
          {
            "indicator": "clear_leader_A",
            "score": 0.5,
            "rank": 2
          },
          {
            "indicator": "clear_leader_E",
            "score": 0.5,
            "rank": 3
          },
          {
            "indicator": "clear_leader_B",
            "score": 0.0,
            "rank": 4
          },
          {
            "indicator": "clear_leader_C",
            "score": 0.0,
            "rank": 5
          },
          {
            "indicator": "clear_leader_D",
            "score": 0.0,
            "rank": 6
          }
        ],
        "anomaly": [
          {
            "indicator": "clear_leader_A",
            "score": 1.0,
            "rank": 1
          },
          {
            "indicator": "clear_leader_F",
            "score": 0.9890274713583918,
            "rank": 2
          },
          {
            "indicator": "clear_leader_B",
            "score": 0.8705555856909647,
            "rank": 3
          },
          {
            "indicator": "clear_leader_C",
            "score": 0.8621314081629488,
            "rank": 4
          },
          {
            "indicator": "clear_leader_D",
            "score": 0.7799241122043713,
            "rank": 5
          },
          {
            "indicator": "clear_leader_E",
            "score": 0.64184924761116,
            "rank": 6
          }
        ]
      },
      "lens_metrics": {},
      "mrf_score": 1.495483051501015,
      "lens_agreement": 0.004444444444444444,
      "pca_explained_variance": [
        0.40534775608625995,
        0.17594790760073975,
        0.15936470672899777,
        0.1517889615813315,
        0.07355286998619452
      ],
      "top_indicators": [
        "clear_leader_A",
        "clear_leader_F",
        "clear_leader_E",
        "clear_leader_D",
        "clear_leader_C"
      ],
      "structure_detected": true,
      "interpretation": "Structure detected in clear_leader dataset. First principal component explains 40.5% of variance. Low lens agreement (tau=0.00) indicates ambiguous structure. Top-ranked indicators: clear_leader_A, clear_leader_F, clear_leader_E Expected: Single indicator should rank #1 consistently across all lenses",
      "confidence": "low",
      "runtime_seconds": 0.27132081985473633,
      "success": true,
      "error_message": null
    },
    "clusters": {
      "name": "clusters",
      "description": "Three correlated clusters of indicators",
      "n_indicators": 8,
      "n_observations": 1000,
      "date_range": [
        "2020-01-01",
        "2022-09-26"
      ],
      "lens_rankings": {
        "magnitude": [
          {
            "indicator": "clusters_B",
            "score": 0.12500000000000003,
            "rank": 1
          },
          {
            "indicator": "clusters_D",
            "score": 0.12500000000000003,
            "rank": 2
          },
          {
            "indicator": "clusters_E",
            "score": 0.12500000000000003,
            "rank": 3
          },
          {
            "indicator": "clusters_A",
            "score": 0.125,
            "rank": 4
          },
          {
            "indicator": "clusters_C",
            "score": 0.125,
            "rank": 5
          },
          {
            "indicator": "clusters_F",
            "score": 0.125,
            "rank": 6
          },
          {
            "indicator": "clusters_G",
            "score": 0.125,
            "rank": 7
          },
          {
            "indicator": "clusters_H",
            "score": 0.125,
            "rank": 8
          }
        ],
        "pca": [
          {
            "indicator": "clusters_H",
            "score": 0.07803903504985625,
            "rank": 1
          },
          {
            "indicator": "clusters_G",
            "score": 0.07789646104281325,
            "rank": 2
          },
          {
            "indicator": "clusters_D",
            "score": 0.0700197992860663,
            "rank": 3
          },
          {
            "indicator": "clusters_E",
            "score": 0.06988316970784147,
            "rank": 4
          },
          {
            "indicator": "clusters_F",
            "score": 0.06855235269213075,
            "rank": 5
          },
          {
            "indicator": "clusters_B",
            "score": 0.06329009137097968,
            "rank": 6
          },
          {
            "indicator": "clusters_C",
            "score": 0.05816233269422694,
            "rank": 7
          },
          {
            "indicator": "clusters_A",
            "score": 0.05293345981776305,
            "rank": 8
          }
        ],
        "influence": [
          {
            "indicator": "clusters_D",
            "score": 1.0,
            "rank": 1
          },
          {
            "indicator": "clusters_F",
            "score": 0.9359205877619167,
            "rank": 2
          },
          {
            "indicator": "clusters_E",
            "score": 0.8024840131547168,
            "rank": 3
          },
          {
            "indicator": "clusters_B",
            "score": 0.407066265030181,
            "rank": 4
          },
          {
            "indicator": "clusters_A",
            "score": 0.39703105927851406,
            "rank": 5
          },
          {
            "indicator": "clusters_C",
            "score": 0.3625138469733474,
            "rank": 6
          },
          {
            "indicator": "clusters_G",
            "score": 0.28926560424196157,
            "rank": 7
          },
          {
            "indicator": "clusters_H",
            "score": 0.27956535380125785,
            "rank": 8
          }
        ],
        "clustering": [
          {
            "indicator": "clusters_F",
            "score": 1.0,
            "rank": 1
          },
          {
            "indicator": "clusters_B",
            "score": 0.9471396557837483,
            "rank": 2
          },
          {
            "indicator": "clusters_D",
            "score": 0.6666666666666666,
            "rank": 3
          },
          {
            "indicator": "clusters_E",
            "score": 0.6666666666666666,
            "rank": 4
          },
          {
            "indicator": "clusters_G",
            "score": 0.6666666666666666,
            "rank": 5
          },
          {
            "indicator": "clusters_H",
            "score": 0.6666666666666666,
            "rank": 6
          },
          {
            "indicator": "clusters_A",
            "score": 0.6314264371891656,
            "rank": 7
          },
          {
            "indicator": "clusters_C",
            "score": 0.6314264371891656,
            "rank": 8
          }
        ],
        "network": [
          {
            "indicator": "clusters_A",
            "score": 0.0,
            "rank": 1
          },
          {
            "indicator": "clusters_B",
            "score": 0.0,
            "rank": 2
          },
          {
            "indicator": "clusters_C",
            "score": 0.0,
            "rank": 3
          },
          {
            "indicator": "clusters_D",
            "score": 0.0,
            "rank": 4
          },
          {
            "indicator": "clusters_E",
            "score": 0.0,
            "rank": 5
          },
          {
            "indicator": "clusters_F",
            "score": 0.0,
            "rank": 6
          },
          {
            "indicator": "clusters_G",
            "score": 0.0,
            "rank": 7
          },
          {
            "indicator": "clusters_H",
            "score": 0.0,
            "rank": 8
          }
        ],
        "anomaly": [
          {
            "indicator": "clusters_F",
            "score": 1.0,
            "rank": 1
          },
          {
            "indicator": "clusters_E",
            "score": 0.9682050243926861,
            "rank": 2
          },
          {
            "indicator": "clusters_A",
            "score": 0.9523353789637259,
            "rank": 3
          },
          {
            "indicator": "clusters_B",
            "score": 0.9135221683829495,
            "rank": 4
          },
          {
            "indicator": "clusters_D",
            "score": 0.9043182151221887,
            "rank": 5
          },
          {
            "indicator": "clusters_H",
            "score": 0.8592115353469358,
            "rank": 6
          },
          {
            "indicator": "clusters_G",
            "score": 0.8510333883088469,
            "rank": 7
          },
          {
            "indicator": "clusters_C",
            "score": 0.7547509019460553,
            "rank": 8
          }
        ]
      },
      "lens_metrics": {},
      "mrf_score": 1.82631728597931,
      "lens_agreement": 0.13809523809523808,
      "pca_explained_variance": [
        0.22786624223842972,
        0.16914366192229932,
        0.1417667975009488,
        0.1044692355714643,
        0.0995916133965451
      ],
      "top_indicators": [
        "clusters_D",
        "clusters_B",
        "clusters_E",
        "clusters_F",
        "clusters_A"
      ],
      "structure_detected": true,
      "interpretation": "Structure detected in clusters dataset. First principal component explains 22.8% of variance. Low lens agreement (tau=0.14) indicates ambiguous structure. Top-ranked indicators: clusters_D, clusters_B, clusters_E Expected: Clustering lens should identify 3 groups; network lens shows dense subgraphs",
      "confidence": "low",
      "runtime_seconds": 0.31301283836364746,
      "success": true,
      "error_message": null
    },
    "periodic": {
      "name": "periodic",
      "description": "Sinusoidal signals with harmonics",
      "n_indicators": 5,
      "n_observations": 1000,
      "date_range": [
        "2020-01-01",
        "2022-09-26"
      ],
      "lens_rankings": {
        "magnitude": [
          {
            "indicator": "periodic_B",
            "score": 0.2,
            "rank": 1
          },
          {
            "indicator": "periodic_A",
            "score": 0.19999999999999998,
            "rank": 2
          },
          {
            "indicator": "periodic_E",
            "score": 0.19999999999999998,
            "rank": 3
          },
          {
            "indicator": "periodic_C",
            "score": 0.19999999999999996,
            "rank": 4
          },
          {
            "indicator": "periodic_D",
            "score": 0.19999999999999996,
            "rank": 5
          }
        ],
        "pca": [
          {
            "indicator": "periodic_E",
            "score": 0.18979653327265075,
            "rank": 1
          },
          {
            "indicator": "periodic_C",
            "score": 0.18188801013985406,
            "rank": 2
          },
          {
            "indicator": "periodic_A",
            "score": 0.1594101582715488,
            "rank": 3
          },
          {
            "indicator": "periodic_B",
            "score": 0.14873031251828484,
            "rank": 4
          },
          {
            "indicator": "periodic_D",
            "score": 0.14736719727949246,
            "rank": 5
          }
        ],
        "influence": [
          {
            "indicator": "periodic_C",
            "score": 1.0,
            "rank": 1
          },
          {
            "indicator": "periodic_B",
            "score": 0.29992459401620886,
            "rank": 2
          },
          {
            "indicator": "periodic_E",
            "score": 0.27569696794736265,
            "rank": 3
          },
          {
            "indicator": "periodic_D",
            "score": 0.24381427836308392,
            "rank": 4
          },
          {
            "indicator": "periodic_A",
            "score": 0.23197729746499565,
            "rank": 5
          }
        ],
        "clustering": [
          {
            "indicator": "periodic_B",
            "score": 1.0,
            "rank": 1
          },
          {
            "indicator": "periodic_E",
            "score": 0.6666666666666666,
            "rank": 2
          },
          {
            "indicator": "periodic_D",
            "score": 0.3820619373037659,
            "rank": 3
          },
          {
            "indicator": "periodic_A",
            "score": 0.2547079582025106,
            "rank": 4
          },
          {
            "indicator": "periodic_C",
            "score": 0.2547079582025106,
            "rank": 5
          }
        ],
        "network": [
          {
            "indicator": "periodic_E",
            "score": 1.0,
            "rank": 1
          },
          {
            "indicator": "periodic_A",
            "score": 0.5,
            "rank": 2
          },
          {
            "indicator": "periodic_B",
            "score": 0.5,
            "rank": 3
          },
          {
            "indicator": "periodic_C",
            "score": 0.0,
            "rank": 4
          },
          {
            "indicator": "periodic_D",
            "score": 0.0,
            "rank": 5
          }
        ],
        "anomaly": [
          {
            "indicator": "periodic_D",
            "score": 1.0,
            "rank": 1
          },
          {
            "indicator": "periodic_A",
            "score": 0.9442376090864433,
            "rank": 2
          },
          {
            "indicator": "periodic_E",
            "score": 0.795780806239414,
            "rank": 3
          },
          {
            "indicator": "periodic_B",
            "score": 0.6704329200962467,
            "rank": 4
          },
          {
            "indicator": "periodic_C",
            "score": 0.6329287591395777,
            "rank": 5
          }
        ]
      },
      "lens_metrics": {},
      "mrf_score": 1.2546055620024295,
      "lens_agreement": 0.01333333333333334,
      "pca_explained_variance": [
        0.4039099597598128,
        0.23392127504100999,
        0.18936097668100782,
        0.16808257567633542,
        0.00472521284183407
      ],
      "top_indicators": [
        "periodic_E",
        "periodic_B",
        "periodic_A",
        "periodic_C",
        "periodic_D"
      ],
      "structure_detected": true,
      "interpretation": "Structure detected in periodic dataset. First principal component explains 40.4% of variance. Low lens agreement (tau=0.01) indicates ambiguous structure. Top-ranked indicators: periodic_E, periodic_B, periodic_A Expected: Wavelet/spectral lenses detect periodic components; PCA captures oscillation",
      "confidence": "low",
      "runtime_seconds": 0.27173781394958496,
      "success": true,
      "error_message": null
    },
    "pure_noise": {
      "name": "pure_noise",
      "description": "Pure white noise with no structure (null baseline)",
      "n_indicators": 6,
      "n_observations": 1000,
      "date_range": [
        "2020-01-01",
        "2022-09-26"
      ],
      "lens_rankings": {
        "magnitude": [
          {
            "indicator": "pure_noise_E",
            "score": 0.1666666666666667,
            "rank": 1
          },
          {
            "indicator": "pure_noise_B",
            "score": 0.16666666666666669,
            "rank": 2
          },
          {
            "indicator": "pure_noise_C",
            "score": 0.16666666666666669,
            "rank": 3
          },
          {
            "indicator": "pure_noise_A",
            "score": 0.16666666666666666,
            "rank": 4
          },
          {
            "indicator": "pure_noise_D",
            "score": 0.16666666666666666,
            "rank": 5
          },
          {
            "indicator": "pure_noise_F",
            "score": 0.16666666666666663,
            "rank": 6
          }
        ],
        "pca": [
          {
            "indicator": "pure_noise_D",
            "score": 0.16409841633734007,
            "rank": 1
          },
          {
            "indicator": "pure_noise_A",
            "score": 0.15921573894432028,
            "rank": 2
          },
          {
            "indicator": "pure_noise_F",
            "score": 0.15400744743635103,
            "rank": 3
          },
          {
            "indicator": "pure_noise_C",
            "score": 0.1539821800036417,
            "rank": 4
          },
          {
            "indicator": "pure_noise_B",
            "score": 0.15226305094783715,
            "rank": 5
          },
          {
            "indicator": "pure_noise_E",
            "score": 0.1422088580301131,
            "rank": 6
          }
        ],
        "influence": [
          {
            "indicator": "pure_noise_F",
            "score": 1.0,
            "rank": 1
          },
          {
            "indicator": "pure_noise_E",
            "score": 0.4497352351286525,
            "rank": 2
          },
          {
            "indicator": "pure_noise_B",
            "score": 0.3218842774467677,
            "rank": 3
          },
          {
            "indicator": "pure_noise_C",
            "score": 0.31874588167349127,
            "rank": 4
          },
          {
            "indicator": "pure_noise_D",
            "score": 0.2055980812782847,
            "rank": 5
          },
          {
            "indicator": "pure_noise_A",
            "score": 0.20125378656229054,
            "rank": 6
          }
        ],
        "clustering": [
          {
            "indicator": "pure_noise_E",
            "score": 1.0,
            "rank": 1
          },
          {
            "indicator": "pure_noise_C",
            "score": 0.6666666666666666,
            "rank": 2
          },
          {
            "indicator": "pure_noise_D",
            "score": 0.6666666666666666,
            "rank": 3
          },
          {
            "indicator": "pure_noise_F",
            "score": 0.6666666666666666,
            "rank": 4
          },
          {
            "indicator": "pure_noise_B",
            "score": -0.15052285982438948,
            "rank": 5
          },
          {
            "indicator": "pure_noise_A",
            "score": -0.2257842897365842,
            "rank": 6
          }
        ],
        "network": [
          {
            "indicator": "pure_noise_B",
            "score": 1.0,
            "rank": 1
          },
          {
            "indicator": "pure_noise_F",
            "score": 1.0,
            "rank": 2
          },
          {
            "indicator": "pure_noise_C",
            "score": 0.9999999999999998,
            "rank": 3
          },
          {
            "indicator": "pure_noise_E",
            "score": 0.9999999999999998,
            "rank": 4
          },
          {
            "indicator": "pure_noise_A",
            "score": 0.16666666666666666,
            "rank": 5
          },
          {
            "indicator": "pure_noise_D",
            "score": 0.16666666666666666,
            "rank": 6
          }
        ],
        "anomaly": [
          {
            "indicator": "pure_noise_E",
            "score": 1.0,
            "rank": 1
          },
          {
            "indicator": "pure_noise_A",
            "score": 0.9279468720986482,
            "rank": 2
          },
          {
            "indicator": "pure_noise_D",
            "score": 0.8461516900337379,
            "rank": 3
          },
          {
            "indicator": "pure_noise_F",
            "score": 0.7701685940789409,
            "rank": 4
          },
          {
            "indicator": "pure_noise_C",
            "score": 0.6846792084431987,
            "rank": 5
          },
          {
            "indicator": "pure_noise_B",
            "score": 0.49095949985202725,
            "rank": 6
          }
        ]
      },
      "lens_metrics": {},
      "mrf_score": 1.5990034233687445,
      "lens_agreement": -0.05777777777777777,
      "pca_explained_variance": [
        0.5734185633690341,
        0.24453262659182393,
        0.10782450173874536,
        0.03757298372177015,
        0.019320508248552457
      ],
      "top_indicators": [
        "pure_noise_E",
        "pure_noise_F",
        "pure_noise_C",
        "pure_noise_B",
        "pure_noise_D"
      ],
      "structure_detected": true,
      "interpretation": "Structure detected in pure_noise dataset. First principal component explains 57.3% of variance. Low lens agreement (tau=-0.06) indicates ambiguous structure. Top-ranked indicators: pure_noise_E, pure_noise_F, pure_noise_C Expected: No lens should show persistent structure; uniform rankings expected",
      "confidence": "low",
      "runtime_seconds": 0.27873992919921875,
      "success": true,
      "error_message": null
    },
    "two_regimes": {
      "name": "two_regimes",
      "description": "Two distinct market regimes with different correlation structures",
      "n_indicators": 6,
      "n_observations": 1000,
      "date_range": [
        "2020-01-01",
        "2022-09-26"
      ],
      "lens_rankings": {
        "magnitude": [
          {
            "indicator": "two_regimes_B",
            "score": 0.1666666666666667,
            "rank": 1
          },
          {
            "indicator": "two_regimes_C",
            "score": 0.16666666666666669,
            "rank": 2
          },
          {
            "indicator": "two_regimes_A",
            "score": 0.16666666666666666,
            "rank": 3
          },
          {
            "indicator": "two_regimes_D",
            "score": 0.16666666666666666,
            "rank": 4
          },
          {
            "indicator": "two_regimes_E",
            "score": 0.16666666666666666,
            "rank": 5
          },
          {
            "indicator": "two_regimes_F",
            "score": 0.16666666666666666,
            "rank": 6
          }
        ],
        "pca": [
          {
            "indicator": "two_regimes_B",
            "score": 0.16560346005640053,
            "rank": 1
          },
          {
            "indicator": "two_regimes_C",
            "score": 0.16048261895399435,
            "rank": 2
          },
          {
            "indicator": "two_regimes_A",
            "score": 0.15915684053682488,
            "rank": 3
          },
          {
            "indicator": "two_regimes_E",
            "score": 0.15582218715872265,
            "rank": 4
          },
          {
            "indicator": "two_regimes_F",
            "score": 0.15429388438870062,
            "rank": 5
          },
          {
            "indicator": "two_regimes_D",
            "score": 0.1527260297983203,
            "rank": 6
          }
        ],
        "influence": [
          {
            "indicator": "two_regimes_A",
            "score": 1.0,
            "rank": 1
          },
          {
            "indicator": "two_regimes_E",
            "score": 0.6401388455952668,
            "rank": 2
          },
          {
            "indicator": "two_regimes_D",
            "score": 0.5352509532629469,
            "rank": 3
          },
          {
            "indicator": "two_regimes_C",
            "score": 0.530908731575419,
            "rank": 4
          },
          {
            "indicator": "two_regimes_B",
            "score": 0.4666430749446655,
            "rank": 5
          },
          {
            "indicator": "two_regimes_F",
            "score": 0.17413249433603023,
            "rank": 6
          }
        ],
        "clustering": [
          {
            "indicator": "two_regimes_C",
            "score": 1.0,
            "rank": 1
          },
          {
            "indicator": "two_regimes_A",
            "score": 0.6666666666666666,
            "rank": 2
          },
          {
            "indicator": "two_regimes_B",
            "score": 0.6666666666666666,
            "rank": 3
          },
          {
            "indicator": "two_regimes_D",
            "score": 0.6666666666666666,
            "rank": 4
          },
          {
            "indicator": "two_regimes_E",
            "score": 0.6666666666666666,
            "rank": 5
          },
          {
            "indicator": "two_regimes_F",
            "score": 0.2983985066954821,
            "rank": 6
          }
        ],
        "network": [
          {
            "indicator": "two_regimes_A",
            "score": 1.0,
            "rank": 1
          },
          {
            "indicator": "two_regimes_C",
            "score": 1.0,
            "rank": 2
          },
          {
            "indicator": "two_regimes_D",
            "score": 0.9,
            "rank": 3
          },
          {
            "indicator": "two_regimes_E",
            "score": 0.9,
            "rank": 4
          },
          {
            "indicator": "two_regimes_B",
            "score": 0.6000000000000001,
            "rank": 5
          },
          {
            "indicator": "two_regimes_F",
            "score": 0.0,
            "rank": 6
          }
        ],
        "anomaly": [
          {
            "indicator": "two_regimes_D",
            "score": 1.0,
            "rank": 1
          },
          {
            "indicator": "two_regimes_C",
            "score": 0.9079382935672804,
            "rank": 2
          },
          {
            "indicator": "two_regimes_E",
            "score": 0.8927431267692624,
            "rank": 3
          },
          {
            "indicator": "two_regimes_A",
            "score": 0.7832140827308298,
            "rank": 4
          },
          {
            "indicator": "two_regimes_B",
            "score": 0.5371255607971253,
            "rank": 5
          },
          {
            "indicator": "two_regimes_F",
            "score": 0.3824770935681715,
            "rank": 6
          }
        ]
      },
      "lens_metrics": {},
      "mrf_score": 1.1229982282513042,
      "lens_agreement": 0.3066666666666667,
      "pca_explained_variance": [
        0.619323221772243,
        0.26414597217700536,
        0.06461582694371494,
        0.03354815976573948,
        0.013760088738707044
      ],
      "top_indicators": [
        "two_regimes_C",
        "two_regimes_A",
        "two_regimes_B",
        "two_regimes_D",
        "two_regimes_E"
      ],
      "structure_detected": true,
      "interpretation": "Structure detected in two_regimes dataset. First principal component explains 61.9% of variance. Top-ranked indicators: two_regimes_C, two_regimes_A, two_regimes_B Expected: Regime-switching lenses should detect transition points",
      "confidence": "medium",
      "runtime_seconds": 0.2763090133666992,
      "success": true,
      "error_message": null
    }
  }
}